epoch,train_loss,test_loss,velo_val_loss
0,1.7541366418202717,1.5450905561447144,0.034753065556287766
1,1.4575629830360413,1.5450905561447144,0.034753065556287766
2,1.3595192035039265,1.5450905561447144,0.034753065556287766
3,1.3487812081972759,1.5450905561447144,0.034753065556287766
4,1.3486971656481426,1.5450905561447144,0.034753065556287766
5,1.3431604901949565,1.5450905561447144,0.034753065556287766
6,1.3378498951594036,1.5450905561447144,0.034753065556287766
7,1.3278782566388447,1.5450905561447144,0.034753065556287766
8,1.3255759278933208,1.5450905561447144,0.034753065556287766
9,1.322525401910146,1.5450905561447144,0.034753065556287766
10,1.3190335631370544,1.4133366346359253,0.030235104262828827
11,1.3171071608861287,1.4133366346359253,0.030235104262828827
12,1.3148547609647114,1.4133366346359253,0.030235104262828827
13,1.3131735722223918,1.4133366346359253,0.030235104262828827
14,1.3102232019106548,1.4133366346359253,0.030235104262828827
15,1.3084284663200378,1.4133366346359253,0.030235104262828827
16,1.3072952230771382,1.4133366346359253,0.030235104262828827
17,1.3058743476867676,1.4133366346359253,0.030235104262828827
18,1.3040770888328552,1.4133366346359253,0.030235104262828827
19,1.3026912013689678,1.4133366346359253,0.030235104262828827
20,1.3015280763308208,1.4004771709442139,0.029808450490236282
21,1.3001339038213093,1.4004771709442139,0.029808450490236282
22,1.2988723119099934,1.4004771709442139,0.029808450490236282
23,1.2977270881334941,1.4004771709442139,0.029808450490236282
24,1.2966328660647075,1.4004771709442139,0.029808450490236282
25,1.2955541610717773,1.4004771709442139,0.029808450490236282
26,1.2944878538449605,1.4004771709442139,0.029808450490236282
27,1.293648103872935,1.4004771709442139,0.029808450490236282
28,1.2928987741470337,1.4004771709442139,0.029808450490236282
29,1.292132318019867,1.4004771709442139,0.029808450490236282
30,1.291434685389201,1.3897355794906616,0.029453489929437637
31,1.2905892729759216,1.3897355794906616,0.029453489929437637
32,1.2898443738619487,1.3897355794906616,0.029453489929437637
33,1.289156198501587,1.3897355794906616,0.029453489929437637
34,1.288378397623698,1.3897355794906616,0.029453489929437637
35,1.2875927289326985,1.3897355794906616,0.029453489929437637
36,1.2868685523668926,1.3897355794906616,0.029453489929437637
37,1.286087413628896,1.3897355794906616,0.029453489929437637
38,1.2853620251019795,1.3897355794906616,0.029453489929437637
39,1.2845430970191956,1.3897355794906616,0.029453489929437637
40,1.2837016979853313,1.3795639276504517,0.029114631935954094
41,1.2827793558438618,1.3795639276504517,0.029114631935954094
42,1.281743844350179,1.3795639276504517,0.029114631935954094
43,1.2806651790936787,1.3795639276504517,0.029114631935954094
44,1.2795697450637817,1.3795639276504517,0.029114631935954094
45,1.2783683737119038,1.3795639276504517,0.029114631935954094
46,1.2770165801048279,1.3795639276504517,0.029114631935954094
47,1.275659163792928,1.3795639276504517,0.029114631935954094
48,1.2739953597386677,1.3795639276504517,0.029114631935954094
49,1.27247816324234,1.3795639276504517,0.029114631935954094
50,1.2706677317619324,1.360263705253601,0.028483377769589424
51,1.2691828608512878,1.360263705253601,0.028483377769589424
52,1.267210304737091,1.360263705253601,0.028483377769589424
53,1.2663725018501282,1.360263705253601,0.028483377769589424
54,1.2649911642074585,1.360263705253601,0.028483377769589424
55,1.2662219007809956,1.360263705253601,0.028483377769589424
56,1.2644115090370178,1.360263705253601,0.028483377769589424
57,1.2667627731959026,1.360263705253601,0.028483377769589424
58,1.2600361704826355,1.360263705253601,0.028483377769589424
59,1.2620797157287598,1.360263705253601,0.028483377769589424
60,1.251427670319875,1.3408358097076416,0.027828842401504517
61,1.2566380898157756,1.3408358097076416,0.027828842401504517
62,1.2479049166043599,1.3408358097076416,0.027828842401504517
63,1.2519274950027466,1.3408358097076416,0.027828842401504517
64,1.2442045211791992,1.3408358097076416,0.027828842401504517
65,1.2478697498639424,1.3408358097076416,0.027828842401504517
66,1.241494596004486,1.3408358097076416,0.027828842401504517
67,1.2488875985145569,1.3408358097076416,0.027828842401504517
68,1.2407904267311096,1.3408358097076416,0.027828842401504517
69,1.2516851623853047,1.3408358097076416,0.027828842401504517
70,1.2393572131792705,1.3241311311721802,0.02712414413690567
71,1.245688537756602,1.3241311311721802,0.02712414413690567
72,1.2325031956036885,1.3241311311721802,0.02712414413690567
73,1.2352811296780903,1.3241311311721802,0.02712414413690567
74,1.2269559105237324,1.3241311311721802,0.02712414413690567
75,1.2291048566500347,1.3241311311721802,0.02712414413690567
76,1.2233783602714539,1.3241311311721802,0.02712414413690567
77,1.2239548166592915,1.3241311311721802,0.02712414413690567
78,1.2178594867388408,1.3241311311721802,0.02712414413690567
79,1.2177963256835938,1.3241311311721802,0.02712414413690567
80,1.2123529314994812,1.2851250171661377,0.02592528983950615
81,1.2121991912523906,1.2851250171661377,0.02592528983950615
82,1.2068325479825337,1.2851250171661377,0.02592528983950615
83,1.2072617014249165,1.2851250171661377,0.02592528983950615
84,1.2009519735972087,1.2851250171661377,0.02592528983950615
85,1.2012537320454915,1.2851250171661377,0.02592528983950615
86,1.1949015855789185,1.2851250171661377,0.02592528983950615
87,1.1933787663777669,1.2851250171661377,0.02592528983950615
88,1.1879208882649739,1.2851250171661377,0.02592528983950615
89,1.1833033363024394,1.2851250171661377,0.02592528983950615
90,1.180219868818919,1.243512511253357,0.02459552511572838
91,1.1734010577201843,1.243512511253357,0.02459552511572838
92,1.170030653476715,1.243512511253357,0.02459552511572838
93,1.1655608812967937,1.243512511253357,0.02459552511572838
94,1.159531831741333,1.243512511253357,0.02459552511572838
95,1.1601316332817078,1.243512511253357,0.02459552511572838
96,1.1663121581077576,1.243512511253357,0.02459552511572838
97,1.1636224786440532,1.243512511253357,0.02459552511572838
98,1.189188301563263,1.243512511253357,0.02459552511572838
99,1.1907459298769634,1.243512511253357,0.02459552511572838
100,1.1739128828048706,1.235222339630127,0.02396913431584835
101,1.1760546763737996,1.235222339630127,0.02396913431584835
102,1.169981559117635,1.235222339630127,0.02396913431584835
103,1.160085419813792,1.235222339630127,0.02396913431584835
104,1.1398550868034363,1.235222339630127,0.02396913431584835
105,1.1475476423899333,1.235222339630127,0.02396913431584835
106,1.1285608609517415,1.235222339630127,0.02396913431584835
107,1.1274075706799824,1.235222339630127,0.02396913431584835
108,1.125593403975169,1.235222339630127,0.02396913431584835
109,1.1110742092132568,1.235222339630127,0.02396913431584835
110,1.1014460921287537,1.1625617742538452,0.02200818434357643
111,1.1079941987991333,1.1625617742538452,0.02200818434357643
112,1.0949586033821106,1.1625617742538452,0.02200818434357643
113,1.0880715250968933,1.1625617742538452,0.02200818434357643
114,1.1095593174298604,1.1625617742538452,0.02200818434357643
115,1.1078718900680542,1.1625617742538452,0.02200818434357643
116,1.1153234839439392,1.1625617742538452,0.02200818434357643
117,1.1012275020281475,1.1625617742538452,0.02200818434357643
118,1.1181569695472717,1.1625617742538452,0.02200818434357643
119,1.1073634425799053,1.1625617742538452,0.02200818434357643
120,1.1023280223210652,1.1234662532806396,0.020818090066313744
121,1.070853352546692,1.1234662532806396,0.020818090066313744
122,1.082015852133433,1.1234662532806396,0.020818090066313744
123,1.0691839655240376,1.1234662532806396,0.020818090066313744
124,1.0533086061477661,1.1234662532806396,0.020818090066313744
125,1.0373497009277344,1.1234662532806396,0.020818090066313744
126,1.0303596357504528,1.1234662532806396,0.020818090066313744
127,1.0269302626450856,1.1234662532806396,0.020818090066313744
128,1.0163640876611073,1.1234662532806396,0.020818090066313744
129,1.0239691734313965,1.1234662532806396,0.020818090066313744
130,1.0210505525271099,1.070950984954834,0.019806046038866043
131,1.01624196767807,1.070950984954834,0.019806046038866043
132,1.043161670366923,1.070950984954834,0.019806046038866043
133,1.0485963821411133,1.070950984954834,0.019806046038866043
134,1.0480342706044514,1.070950984954834,0.019806046038866043
135,1.019816279411316,1.070950984954834,0.019806046038866043
136,1.0184404253959656,1.070950984954834,0.019806046038866043
137,1.0082878371079762,1.070950984954834,0.019806046038866043
138,1.002562592426936,1.070950984954834,0.019806046038866043
139,0.9938674171765646,1.070950984954834,0.019806046038866043
140,0.9902999897797903,1.0502549409866333,0.018962660804390907
141,0.985003262758255,1.0502549409866333,0.018962660804390907
142,0.9774879912535349,1.0502549409866333,0.018962660804390907
143,0.9800864259401957,1.0502549409866333,0.018962660804390907
144,0.9604802131652832,1.0502549409866333,0.018962660804390907
145,0.9466585417588552,1.0502549409866333,0.018962660804390907
146,0.9313961863517761,1.0502549409866333,0.018962660804390907
147,0.9281726082166036,1.0502549409866333,0.018962660804390907
148,0.9214564859867096,1.0502549409866333,0.018962660804390907
149,0.9159026841322581,1.0502549409866333,0.018962660804390907
150,0.9205902020136515,0.9741297960281372,0.018081558868288994
151,0.9174569845199585,0.9741297960281372,0.018081558868288994
152,0.8993456661701202,0.9741297960281372,0.018081558868288994
153,0.8925595879554749,0.9741297960281372,0.018081558868288994
154,0.8840911785761515,0.9741297960281372,0.018081558868288994
155,0.8707729776700338,0.9741297960281372,0.018081558868288994
156,0.8686063786347707,0.9741297960281372,0.018081558868288994
157,0.8695998589197794,0.9741297960281372,0.018081558868288994
158,0.8538160721460978,0.9741297960281372,0.018081558868288994
159,0.8535463114579519,0.9741297960281372,0.018081558868288994
160,0.8565990527470907,0.9187141060829163,0.017327576875686646
161,0.8486875096956888,0.9187141060829163,0.017327576875686646
162,0.8415523767471313,0.9187141060829163,0.017327576875686646
163,0.8501058022181193,0.9187141060829163,0.017327576875686646
164,0.845001628001531,0.9187141060829163,0.017327576875686646
165,0.8591973185539246,0.9187141060829163,0.017327576875686646
166,0.8773981730143229,0.9187141060829163,0.017327576875686646
167,0.8763373792171478,0.9187141060829163,0.017327576875686646
168,0.8672127525011698,0.9187141060829163,0.017327576875686646
169,0.8995101153850555,0.9187141060829163,0.017327576875686646
170,0.8364672660827637,0.911583423614502,0.017628410831093788
171,0.8325285116831461,0.911583423614502,0.017628410831093788
172,0.8232548534870148,0.911583423614502,0.017628410831093788
173,0.8249530990918478,0.911583423614502,0.017628410831093788
174,0.8235060373942057,0.911583423614502,0.017628410831093788
175,0.802660713593165,0.911583423614502,0.017628410831093788
176,0.8153998851776123,0.911583423614502,0.017628410831093788
177,0.8210570315519968,0.911583423614502,0.017628410831093788
178,0.8247460921605428,0.911583423614502,0.017628410831093788
179,0.8117038607597351,0.911583423614502,0.017628410831093788
180,0.8220833539962769,0.9642090797424316,0.01829296536743641
181,0.9334356188774109,0.9642090797424316,0.01829296536743641
182,0.9221250812212626,0.9642090797424316,0.01829296536743641
183,0.914949357509613,0.9642090797424316,0.01829296536743641
184,0.9387355049451193,0.9642090797424316,0.01829296536743641
185,0.9211134612560272,0.9642090797424316,0.01829296536743641
186,0.8795055449008942,0.9642090797424316,0.01829296536743641
187,0.87331622838974,0.9642090797424316,0.01829296536743641
188,0.8545494377613068,0.9642090797424316,0.01829296536743641
189,0.833968847990036,0.9642090797424316,0.01829296536743641
190,0.8258275290330251,0.9277533292770386,0.01774369180202484
191,0.8027932445208231,0.9277533292770386,0.01774369180202484
192,0.7970782816410065,0.9277533292770386,0.01774369180202484
193,0.7945787707964579,0.9277533292770386,0.01774369180202484
194,0.7904984951019287,0.9277533292770386,0.01774369180202484
195,0.8021544814109802,0.9277533292770386,0.01774369180202484
196,0.7888201872507731,0.9277533292770386,0.01774369180202484
197,0.7843532860279083,0.9277533292770386,0.01774369180202484
198,0.7733910381793976,0.9277533292770386,0.01774369180202484
199,0.7662618160247803,0.9277533292770386,0.01774369180202484
200,0.7525715629259745,0.9169721007347107,0.019177183508872986
201,0.7497937579949697,0.9169721007347107,0.019177183508872986
202,0.7398841977119446,0.9169721007347107,0.019177183508872986
203,0.7324715554714203,0.9169721007347107,0.019177183508872986
204,0.7297155062357584,0.9169721007347107,0.019177183508872986
205,0.7238243619600931,0.9169721007347107,0.019177183508872986
206,0.7161033054192861,0.9169721007347107,0.019177183508872986
207,0.7097292443116506,0.9169721007347107,0.019177183508872986
208,0.7125193973382314,0.9169721007347107,0.019177183508872986
209,0.7024946808815002,0.9169721007347107,0.019177183508872986
210,0.6993455787499746,0.8612302541732788,0.018060844391584396
211,0.7070766786734263,0.8612302541732788,0.018060844391584396
212,0.6961775918801626,0.8612302541732788,0.018060844391584396
213,0.6938062707583109,0.8612302541732788,0.018060844391584396
214,0.7057742377122244,0.8612302541732788,0.018060844391584396
215,0.7186562120914459,0.8612302541732788,0.018060844391584396
216,0.7179675499598185,0.8612302541732788,0.018060844391584396
217,0.7372869749863943,0.8612302541732788,0.018060844391584396
218,0.7065258324146271,0.8612302541732788,0.018060844391584396
219,0.7559310793876648,0.8612302541732788,0.018060844391584396
220,0.747395783662796,0.8662083148956299,0.017147721722722054
221,0.767502099275589,0.8662083148956299,0.017147721722722054
222,0.8137265046437582,0.8662083148956299,0.017147721722722054
223,0.820960541566213,0.8662083148956299,0.017147721722722054
224,0.7977345287799835,0.8662083148956299,0.017147721722722054
225,0.8287323117256165,0.8662083148956299,0.017147721722722054
226,0.7943214873472849,0.8662083148956299,0.017147721722722054
227,0.7746875484784445,0.8662083148956299,0.017147721722722054
228,0.7502351005872091,0.8662083148956299,0.017147721722722054
229,0.730344275633494,0.8662083148956299,0.017147721722722054
230,0.7249919474124908,0.8349702954292297,0.017251795157790184
231,0.7188830773035685,0.8349702954292297,0.017251795157790184
232,0.707138846317927,0.8349702954292297,0.017251795157790184
233,0.7036632001399994,0.8349702954292297,0.017251795157790184
234,0.7020651499430338,0.8349702954292297,0.017251795157790184
235,0.7124974926312765,0.8349702954292297,0.017251795157790184
236,0.7085056602954865,0.8349702954292297,0.017251795157790184
237,0.7011006573836008,0.8349702954292297,0.017251795157790184
238,0.7064460317293803,0.8349702954292297,0.017251795157790184
239,0.6990446945031484,0.8349702954292297,0.017251795157790184
240,0.7025057872136434,0.8186272382736206,0.017392296344041824
241,0.6905142863591512,0.8186272382736206,0.017392296344041824
242,0.687300831079483,0.8186272382736206,0.017392296344041824
243,0.6998203694820404,0.8186272382736206,0.017392296344041824
244,0.6915505131085714,0.8186272382736206,0.017392296344041824
245,0.6824483275413513,0.8186272382736206,0.017392296344041824
246,0.6916741331418356,0.8186272382736206,0.017392296344041824
247,0.6927971045176188,0.8186272382736206,0.017392296344041824
248,0.7004216810067495,0.8186272382736206,0.017392296344041824
249,0.693097194035848,0.8186272382736206,0.017392296344041824
250,0.7059142688910166,0.7592000365257263,0.01546792034059763
251,0.6968673666318258,0.7592000365257263,0.01546792034059763
252,0.6656178136666616,0.7592000365257263,0.01546792034059763
253,0.6630266904830933,0.7592000365257263,0.01546792034059763
254,0.6626072525978088,0.7592000365257263,0.01546792034059763
255,0.657588928937912,0.7592000365257263,0.01546792034059763
256,0.6505887707074484,0.7592000365257263,0.01546792034059763
257,0.6445225278536478,0.7592000365257263,0.01546792034059763
258,0.6501147647698721,0.7592000365257263,0.01546792034059763
259,0.6358237763245901,0.7592000365257263,0.01546792034059763
260,0.6347125768661499,0.7519044280052185,0.015749532729387283
261,0.6308772067228953,0.7519044280052185,0.015749532729387283
262,0.6396846969922384,0.7519044280052185,0.015749532729387283
263,0.6281160314877828,0.7519044280052185,0.015749532729387283
264,0.626972903807958,0.7519044280052185,0.015749532729387283
265,0.6190925935904185,0.7519044280052185,0.015749532729387283
266,0.6242857674757639,0.7519044280052185,0.015749532729387283
267,0.6153384149074554,0.7519044280052185,0.015749532729387283
268,0.6236452460289001,0.7519044280052185,0.015749532729387283
269,0.6163424849510193,0.7519044280052185,0.015749532729387283
270,0.6341102023919424,0.7896347045898438,0.01749439164996147
271,0.6204290191332499,0.7896347045898438,0.01749439164996147
272,0.6180878480275472,0.7896347045898438,0.01749439164996147
273,0.6270797550678253,0.7896347045898438,0.01749439164996147
274,0.6433738470077515,0.7896347045898438,0.01749439164996147
275,0.642784466346105,0.7896347045898438,0.01749439164996147
276,0.6455556253592173,0.7896347045898438,0.01749439164996147
277,0.6495217482248942,0.7896347045898438,0.01749439164996147
278,0.6320368051528931,0.7896347045898438,0.01749439164996147
279,0.6265504459540049,0.7896347045898438,0.01749439164996147
280,0.6376538574695587,0.7218129634857178,0.014849653467535973
281,0.6515361269315084,0.7218129634857178,0.014849653467535973
282,0.6587050358454386,0.7218129634857178,0.014849653467535973
283,0.658839633067449,0.7218129634857178,0.014849653467535973
284,0.6596663196881613,0.7218129634857178,0.014849653467535973
285,0.6218282580375671,0.7218129634857178,0.014849653467535973
286,0.6223247647285461,0.7218129634857178,0.014849653467535973
287,0.6084469656149546,0.7218129634857178,0.014849653467535973
288,0.6136577427387238,0.7218129634857178,0.014849653467535973
289,0.6004153490066528,0.7218129634857178,0.014849653467535973
290,0.6497789720694224,0.7702914476394653,0.01533270999789238
291,0.6668192346890768,0.7702914476394653,0.01533270999789238
292,0.6567915678024292,0.7702914476394653,0.01533270999789238
293,0.6330646077791849,0.7702914476394653,0.01533270999789238
294,0.6203871071338654,0.7702914476394653,0.01533270999789238
295,0.6015125115712484,0.7702914476394653,0.01533270999789238
296,0.5981631179650625,0.7702914476394653,0.01533270999789238
297,0.5931164026260376,0.7702914476394653,0.01533270999789238
298,0.5925977230072021,0.7702914476394653,0.01533270999789238
299,0.5917564034461975,0.7702914476394653,0.01533270999789238
300,0.584024171034495,0.7058340907096863,0.01515233889222145
301,0.5806961754957835,0.7058340907096863,0.01515233889222145
302,0.5908839007218679,0.7058340907096863,0.01515233889222145
303,0.5792795519034067,0.7058340907096863,0.01515233889222145
304,0.5745376547177633,0.7058340907096863,0.01515233889222145
305,0.5750611225763956,0.7058340907096863,0.01515233889222145
306,0.5774795313676199,0.7058340907096863,0.01515233889222145
307,0.5687126815319061,0.7058340907096863,0.01515233889222145
308,0.5682330429553986,0.7058340907096863,0.01515233889222145
309,0.5697849492232004,0.7058340907096863,0.01515233889222145
310,0.5827064514160156,0.7418025135993958,0.016202015802264214
311,0.5713250835736593,0.7418025135993958,0.016202015802264214
312,0.5760709742705027,0.7418025135993958,0.016202015802264214
313,0.5805911620457967,0.7418025135993958,0.016202015802264214
314,0.5786014894644419,0.7418025135993958,0.016202015802264214
315,0.5797396600246429,0.7418025135993958,0.016202015802264214
316,0.5782224436601003,0.7418025135993958,0.016202015802264214
317,0.599621961514155,0.7418025135993958,0.016202015802264214
318,0.6130129297574362,0.7418025135993958,0.016202015802264214
319,0.6350829700628916,0.7418025135993958,0.016202015802264214
320,0.6538137594858805,0.7429602742195129,0.015802882611751556
321,0.6268624564011892,0.7429602742195129,0.015802882611751556
322,0.6183128555615743,0.7429602742195129,0.015802882611751556
323,0.6142155528068542,0.7429602742195129,0.015802882611751556
324,0.617307702700297,0.7429602742195129,0.015802882611751556
325,0.6254649460315704,0.7429602742195129,0.015802882611751556
326,0.6040688256422678,0.7429602742195129,0.015802882611751556
327,0.6563372313976288,0.7429602742195129,0.015802882611751556
328,0.6257697542508444,0.7429602742195129,0.015802882611751556
329,0.6297351618607839,0.7429602742195129,0.015802882611751556
330,0.617335170507431,0.7158467769622803,0.015389891341328621
331,0.5889514982700348,0.7158467769622803,0.015389891341328621
332,0.5814012885093689,0.7158467769622803,0.015389891341328621
333,0.5776473780473074,0.7158467769622803,0.015389891341328621
334,0.5632173717021942,0.7158467769622803,0.015389891341328621
335,0.5694135129451752,0.7158467769622803,0.015389891341328621
336,0.5628014206886292,0.7158467769622803,0.015389891341328621
337,0.5615937113761902,0.7158467769622803,0.015389891341328621
338,0.5563101867834727,0.7158467769622803,0.015389891341328621
339,0.5482450028260549,0.7158467769622803,0.015389891341328621
340,0.5505000352859497,0.6902459263801575,0.015301690436899662
341,0.5482516586780548,0.6902459263801575,0.015301690436899662
342,0.5458232462406158,0.6902459263801575,0.015301690436899662
343,0.5451239347457886,0.6902459263801575,0.015301690436899662
344,0.5515426099300385,0.6902459263801575,0.015301690436899662
345,0.5456933379173279,0.6902459263801575,0.015301690436899662
346,0.5631253123283386,0.6902459263801575,0.015301690436899662
347,0.549336443344752,0.6902459263801575,0.015301690436899662
348,0.5730750262737274,0.6902459263801575,0.015301690436899662
349,0.5665535926818848,0.6902459263801575,0.015301690436899662
350,0.5691598057746887,0.6774957180023193,0.014622979797422886
351,0.5691298445065817,0.6774957180023193,0.014622979797422886
352,0.5751178363958994,0.6774957180023193,0.014622979797422886
353,0.5608728726704916,0.6774957180023193,0.014622979797422886
354,0.55849822362264,0.6774957180023193,0.014622979797422886
355,0.5504961311817169,0.6774957180023193,0.014622979797422886
356,0.5451441705226898,0.6774957180023193,0.014622979797422886
357,0.53982013463974,0.6774957180023193,0.014622979797422886
358,0.5478028953075409,0.6774957180023193,0.014622979797422886
359,0.5503601233164469,0.6774957180023193,0.014622979797422886
360,0.5360781451066335,0.6573434472084045,0.014084270223975182
361,0.5381915469964346,0.6573434472084045,0.014084270223975182
362,0.5416249136130015,0.6573434472084045,0.014084270223975182
363,0.5560833911101023,0.6573434472084045,0.014084270223975182
364,0.6148288448651632,0.6573434472084045,0.014084270223975182
365,0.6442311704158783,0.6573434472084045,0.014084270223975182
366,0.6380720138549805,0.6573434472084045,0.014084270223975182
367,0.6299116810162863,0.6573434472084045,0.014084270223975182
368,0.579316645860672,0.6573434472084045,0.014084270223975182
369,0.5998700559139252,0.6573434472084045,0.014084270223975182
370,0.5969777305920919,0.7166019082069397,0.015114786103367805
371,0.6111536721388499,0.7166019082069397,0.015114786103367805
372,0.5971561173597971,0.7166019082069397,0.015114786103367805
373,0.5722489555676779,0.7166019082069397,0.015114786103367805
374,0.5570092101891836,0.7166019082069397,0.015114786103367805
375,0.5508977472782135,0.7166019082069397,0.015114786103367805
376,0.5446655948956808,0.7166019082069397,0.015114786103367805
377,0.5426734189192454,0.7166019082069397,0.015114786103367805
378,0.5286635557810465,0.7166019082069397,0.015114786103367805
379,0.5310613910357157,0.7166019082069397,0.015114786103367805
380,0.5186575551827749,0.6498677134513855,0.014102831482887268
381,0.5264654656251272,0.6498677134513855,0.014102831482887268
382,0.5174757440884908,0.6498677134513855,0.014102831482887268
383,0.5366933445135752,0.6498677134513855,0.014102831482887268
384,0.5250131487846375,0.6498677134513855,0.014102831482887268
385,0.5273033281167349,0.6498677134513855,0.014102831482887268
386,0.5247785846392313,0.6498677134513855,0.014102831482887268
387,0.5223586658636729,0.6498677134513855,0.014102831482887268
388,0.5295609633127848,0.6498677134513855,0.014102831482887268
389,0.5180791517098745,0.6498677134513855,0.014102831482887268
390,0.5234328806400299,0.6576679348945618,0.014126683585345745
391,0.5286974807580312,0.6576679348945618,0.014126683585345745
392,0.5157607595125834,0.6576679348945618,0.014126683585345745
393,0.5449977119763693,0.6576679348945618,0.014126683585345745
394,0.5206883052984873,0.6576679348945618,0.014126683585345745
395,0.5360421538352966,0.6576679348945618,0.014126683585345745
396,0.5214209655920664,0.6576679348945618,0.014126683585345745
397,0.5263562997182211,0.6576679348945618,0.014126683585345745
398,0.5175158480803171,0.6576679348945618,0.014126683585345745
399,0.5046196083227793,0.6576679348945618,0.014126683585345745
400,0.5176178216934204,0.6853717565536499,0.015411212109029293
401,0.5017645359039307,0.6853717565536499,0.015411212109029293
402,0.4995881915092468,0.6853717565536499,0.015411212109029293
403,0.5138531724611918,0.6853717565536499,0.015411212109029293
404,0.5138947069644928,0.6853717565536499,0.015411212109029293
405,0.5063836574554443,0.6853717565536499,0.015411212109029293
406,0.5107639928658804,0.6853717565536499,0.015411212109029293
407,0.5146982173124949,0.6853717565536499,0.015411212109029293
408,0.5427816609541575,0.6853717565536499,0.015411212109029293
409,0.5131921370824178,0.6853717565536499,0.015411212109029293
410,0.517661581436793,0.629122257232666,0.01365436427295208
411,0.5111079216003418,0.629122257232666,0.01365436427295208
412,0.5052607456843058,0.629122257232666,0.01365436427295208
413,0.5019840796788534,0.629122257232666,0.01365436427295208
414,0.5039206246534983,0.629122257232666,0.01365436427295208
415,0.5115005970001221,0.629122257232666,0.01365436427295208
416,0.49771953622500104,0.629122257232666,0.01365436427295208
417,0.510458379983902,0.629122257232666,0.01365436427295208
418,0.5033185581366221,0.629122257232666,0.01365436427295208
419,0.5177002052466074,0.629122257232666,0.01365436427295208
420,0.49607956409454346,0.6743430495262146,0.014891919679939747
421,0.5149891674518585,0.6743430495262146,0.014891919679939747
422,0.49854279557863873,0.6743430495262146,0.014891919679939747
423,0.5170156459013621,0.6743430495262146,0.014891919679939747
424,0.5004414816697439,0.6743430495262146,0.014891919679939747
425,0.4921395381291707,0.6743430495262146,0.014891919679939747
426,0.48343517382939655,0.6743430495262146,0.014891919679939747
427,0.49186810851097107,0.6743430495262146,0.014891919679939747
428,0.4844275414943695,0.6743430495262146,0.014891919679939747
429,0.49296143651008606,0.6743430495262146,0.014891919679939747
430,0.49785945812861127,0.6516531705856323,0.014478460885584354
431,0.4838428497314453,0.6516531705856323,0.014478460885584354
432,0.5239026745160421,0.6516531705856323,0.014478460885584354
433,0.5005413095156351,0.6516531705856323,0.014478460885584354
434,0.5266089836756388,0.6516531705856323,0.014478460885584354
435,0.5432362059752146,0.6516531705856323,0.014478460885584354
436,0.5869625310103098,0.6516531705856323,0.014478460885584354
437,0.579624742269516,0.6516531705856323,0.014478460885584354
438,0.5971862077713013,0.6516531705856323,0.014478460885584354
439,0.5880086521307627,0.6516531705856323,0.014478460885584354
440,0.58540478348732,0.6694783568382263,0.01470310240983963
441,0.5918551385402679,0.6694783568382263,0.01470310240983963
442,0.5554249485333761,0.6694783568382263,0.01470310240983963
443,0.5720844169457754,0.6694783568382263,0.01470310240983963
444,0.5445595482985178,0.6694783568382263,0.01470310240983963
445,0.5477281212806702,0.6694783568382263,0.01470310240983963
446,0.5175697108109792,0.6694783568382263,0.01470310240983963
447,0.5747348070144653,0.6694783568382263,0.01470310240983963
448,0.6049189070860544,0.6694783568382263,0.01470310240983963
449,0.5836964845657349,0.6694783568382263,0.01470310240983963
450,0.549483855565389,0.7275168895721436,0.016155941411852837
451,0.5465313096841177,0.7275168895721436,0.016155941411852837
452,0.5513180394967397,0.7275168895721436,0.016155941411852837
453,0.5195691883563995,0.7275168895721436,0.016155941411852837
454,0.5211914579073588,0.7275168895721436,0.016155941411852837
455,0.50993745525678,0.7275168895721436,0.016155941411852837
456,0.49687620997428894,0.7275168895721436,0.016155941411852837
457,0.4915465712547302,0.7275168895721436,0.016155941411852837
458,0.4858513871828715,0.7275168895721436,0.016155941411852837
459,0.4814595878124237,0.7275168895721436,0.016155941411852837
460,0.47692980368932086,0.6293368339538574,0.013920500874519348
461,0.47665958603223163,0.6293368339538574,0.013920500874519348
462,0.4709795316060384,0.6293368339538574,0.013920500874519348
463,0.4769088526566823,0.6293368339538574,0.013920500874519348
464,0.46929486592610675,0.6293368339538574,0.013920500874519348
465,0.47447332739830017,0.6293368339538574,0.013920500874519348
466,0.4641689956188202,0.6293368339538574,0.013920500874519348
467,0.47804781794548035,0.6293368339538574,0.013920500874519348
468,0.46464138229688007,0.6293368339538574,0.013920500874519348
469,0.4709067145983378,0.6293368339538574,0.013920500874519348
470,0.4730962912241618,0.6927721500396729,0.015862800180912018
471,0.475538690884908,0.6927721500396729,0.015862800180912018
472,0.48300111293792725,0.6927721500396729,0.015862800180912018
473,0.47142326831817627,0.6927721500396729,0.015862800180912018
474,0.5002009570598602,0.6927721500396729,0.015862800180912018
475,0.4855152666568756,0.6927721500396729,0.015862800180912018
476,0.5140697459379832,0.6927721500396729,0.015862800180912018
477,0.521084209283193,0.6927721500396729,0.015862800180912018
478,0.5462019046147665,0.6927721500396729,0.015862800180912018
479,0.5350187520186106,0.6927721500396729,0.015862800180912018
480,0.540157417456309,0.7088049054145813,0.016630565747618675
481,0.5182505448659261,0.7088049054145813,0.016630565747618675
482,0.5117967426776886,0.7088049054145813,0.016630565747618675
483,0.49509082237879437,0.7088049054145813,0.016630565747618675
484,0.4836929738521576,0.7088049054145813,0.016630565747618675
485,0.491692175467809,0.7088049054145813,0.016630565747618675
486,0.4741096595923106,0.7088049054145813,0.016630565747618675
487,0.4796304901440938,0.7088049054145813,0.016630565747618675
488,0.46358274420102435,0.7088049054145813,0.016630565747618675
489,0.46127114693323773,0.7088049054145813,0.016630565747618675
490,0.4596630831559499,0.643189013004303,0.014170288108289242
491,0.465677152077357,0.643189013004303,0.014170288108289242
492,0.4653128782908122,0.643189013004303,0.014170288108289242
493,0.4607655107975006,0.643189013004303,0.014170288108289242
494,0.4685853918393453,0.643189013004303,0.014170288108289242
495,0.4783329168955485,0.643189013004303,0.014170288108289242
496,0.4708584149678548,0.643189013004303,0.014170288108289242
497,0.48546791076660156,0.643189013004303,0.014170288108289242
498,0.4898054003715515,0.643189013004303,0.014170288108289242
499,0.48710834980010986,0.643189013004303,0.014170288108289242
500,0.4839712878068288,0.6306217908859253,0.013767627999186516
501,0.48641157150268555,0.6306217908859253,0.013767627999186516
502,0.4659418761730194,0.6306217908859253,0.013767627999186516
503,0.477006862560908,0.6306217908859253,0.013767627999186516
504,0.4591238796710968,0.6306217908859253,0.013767627999186516
505,0.48049760858217877,0.6306217908859253,0.013767627999186516
506,0.4736867944399516,0.6306217908859253,0.013767627999186516
507,0.4690675338109334,0.6306217908859253,0.013767627999186516
508,0.46825700004895526,0.6306217908859253,0.013767627999186516
509,0.4745592176914215,0.6306217908859253,0.013767627999186516
510,0.46376919746398926,0.6370797753334045,0.014487563632428646
511,0.4545508722464244,0.6370797753334045,0.014487563632428646
512,0.4552903374036153,0.6370797753334045,0.014487563632428646
513,0.4528605043888092,0.6370797753334045,0.014487563632428646
514,0.45177748799324036,0.6370797753334045,0.014487563632428646
515,0.43928031126658124,0.6370797753334045,0.014487563632428646
516,0.4634762108325958,0.6370797753334045,0.014487563632428646
517,0.45458971460660297,0.6370797753334045,0.014487563632428646
518,0.4506270984808604,0.6370797753334045,0.014487563632428646
519,0.4668477078278859,0.6370797753334045,0.014487563632428646
520,0.47927194833755493,0.749320924282074,0.017863668501377106
521,0.47973868250846863,0.749320924282074,0.017863668501377106
522,0.4954036970933278,0.749320924282074,0.017863668501377106
523,0.4799082577228546,0.749320924282074,0.017863668501377106
524,0.4867356816927592,0.749320924282074,0.017863668501377106
525,0.48450542489687604,0.749320924282074,0.017863668501377106
526,0.469664325316747,0.749320924282074,0.017863668501377106
527,0.4751671353975932,0.749320924282074,0.017863668501377106
528,0.4824595053990682,0.749320924282074,0.017863668501377106
529,0.4926457901795705,0.749320924282074,0.017863668501377106
530,0.4854101538658142,0.632347047328949,0.014033758081495762
531,0.4660564363002777,0.632347047328949,0.014033758081495762
532,0.4610740939776103,0.632347047328949,0.014033758081495762
533,0.4513767560323079,0.632347047328949,0.014033758081495762
534,0.4710838198661804,0.632347047328949,0.014033758081495762
535,0.4530717929204305,0.632347047328949,0.014033758081495762
536,0.4574580689271291,0.632347047328949,0.014033758081495762
537,0.45879559715588886,0.632347047328949,0.014033758081495762
538,0.44967761635780334,0.632347047328949,0.014033758081495762
539,0.45380430420239765,0.632347047328949,0.014033758081495762
540,0.4479001959164937,0.6023188233375549,0.013263923116028309
541,0.4594244559605916,0.6023188233375549,0.013263923116028309
542,0.45963989694913227,0.6023188233375549,0.013263923116028309
543,0.47085217634836835,0.6023188233375549,0.013263923116028309
544,0.4911164840062459,0.6023188233375549,0.013263923116028309
545,0.4782145818074544,0.6023188233375549,0.013263923116028309
546,0.4635021487871806,0.6023188233375549,0.013263923116028309
547,0.45659197370211285,0.6023188233375549,0.013263923116028309
548,0.4578464130560557,0.6023188233375549,0.013263923116028309
549,0.448272039492925,0.6023188233375549,0.013263923116028309
550,0.44201307495435077,0.6195948123931885,0.014173864386975765
551,0.4438495139280955,0.6195948123931885,0.014173864386975765
552,0.4496450225512187,0.6195948123931885,0.014173864386975765
553,0.4349588056405385,0.6195948123931885,0.014173864386975765
554,0.43840086460113525,0.6195948123931885,0.014173864386975765
555,0.4339834451675415,0.6195948123931885,0.014173864386975765
556,0.4231660266717275,0.6195948123931885,0.014173864386975765
557,0.4360348582267761,0.6195948123931885,0.014173864386975765
558,0.433701624472936,0.6195948123931885,0.014173864386975765
559,0.43261102835337323,0.6195948123931885,0.014173864386975765
560,0.4363151689370473,0.5978046655654907,0.013361557386815548
561,0.4345618784427643,0.5978046655654907,0.013361557386815548
562,0.45356252789497375,0.5978046655654907,0.013361557386815548
563,0.43456724286079407,0.5978046655654907,0.013361557386815548
564,0.44544317324956256,0.5978046655654907,0.013361557386815548
565,0.44476786255836487,0.5978046655654907,0.013361557386815548
566,0.4464362859725952,0.5978046655654907,0.013361557386815548
567,0.4496724605560303,0.5978046655654907,0.013361557386815548
568,0.44526998202006024,0.5978046655654907,0.013361557386815548
569,0.43116868535677594,0.5978046655654907,0.013361557386815548
570,0.4498221079508464,0.6157623529434204,0.013949275948107243
571,0.4296239912509918,0.6157623529434204,0.013949275948107243
572,0.43467246492703754,0.6157623529434204,0.013949275948107243
573,0.42839454611142475,0.6157623529434204,0.013949275948107243
574,0.4456087350845337,0.6157623529434204,0.013949275948107243
575,0.4324098428090413,0.6157623529434204,0.013949275948107243
576,0.43198216954867047,0.6157623529434204,0.013949275948107243
577,0.436993012825648,0.6157623529434204,0.013949275948107243
578,0.45363113284111023,0.6157623529434204,0.013949275948107243
579,0.43287040789922077,0.6157623529434204,0.013949275948107243
580,0.44585129618644714,0.5982320308685303,0.013312662951648235
581,0.4374134341875712,0.5982320308685303,0.013312662951648235
582,0.4573853214581807,0.5982320308685303,0.013312662951648235
583,0.44706811507542926,0.5982320308685303,0.013312662951648235
584,0.4391702512900035,0.5982320308685303,0.013312662951648235
585,0.43241142233212787,0.5982320308685303,0.013312662951648235
586,0.4283626774946849,0.5982320308685303,0.013312662951648235
587,0.44419682025909424,0.5982320308685303,0.013312662951648235
588,0.4381130635738373,0.5982320308685303,0.013312662951648235
589,0.443981538216273,0.5982320308685303,0.013312662951648235
590,0.44046617547671,0.7013057470321655,0.015250151976943016
591,0.4636499484380086,0.7013057470321655,0.015250151976943016
592,0.44307177265485126,0.7013057470321655,0.015250151976943016
593,0.4483630061149597,0.7013057470321655,0.015250151976943016
594,0.4506571590900421,0.7013057470321655,0.015250151976943016
595,0.45924657583236694,0.7013057470321655,0.015250151976943016
596,0.4525061746438344,0.7013057470321655,0.015250151976943016
597,0.4640025695164998,0.7013057470321655,0.015250151976943016
598,0.6230325897534689,0.7013057470321655,0.015250151976943016
599,0.7647934456666311,0.7013057470321655,0.015250151976943016
600,0.6469218730926514,0.7250970005989075,0.014320168644189835
601,0.6478062073389689,0.7250970005989075,0.014320168644189835
602,0.5912666718165079,0.7250970005989075,0.014320168644189835
603,0.5738934675852457,0.7250970005989075,0.014320168644189835
604,0.5806159675121307,0.7250970005989075,0.014320168644189835
605,0.5764560600121816,0.7250970005989075,0.014320168644189835
606,0.5284613271554311,0.7250970005989075,0.014320168644189835
607,0.50678351521492,0.7250970005989075,0.014320168644189835
608,0.49439361691474915,0.7250970005989075,0.014320168644189835
609,0.47359590729077655,0.7250970005989075,0.014320168644189835
610,0.4653033713499705,0.674901008605957,0.015678785741329193
611,0.4513104557991028,0.674901008605957,0.015678785741329193
612,0.44246872266133624,0.674901008605957,0.015678785741329193
613,0.4392927587032318,0.674901008605957,0.015678785741329193
614,0.4334685206413269,0.674901008605957,0.015678785741329193
615,0.4302742083867391,0.674901008605957,0.015678785741329193
616,0.42834633588790894,0.674901008605957,0.015678785741329193
617,0.4230890969435374,0.674901008605957,0.015678785741329193
618,0.42182210087776184,0.674901008605957,0.015678785741329193
619,0.41866804162661236,0.674901008605957,0.015678785741329193
620,0.41504276792208356,0.6079195141792297,0.013950652442872524
621,0.41375566522280377,0.6079195141792297,0.013950652442872524
622,0.41347284118334454,0.6079195141792297,0.013950652442872524
623,0.4119151731332143,0.6079195141792297,0.013950652442872524
624,0.4116456210613251,0.6079195141792297,0.013950652442872524
625,0.4101225634415944,0.6079195141792297,0.013950652442872524
626,0.41042150060335797,0.6079195141792297,0.013950652442872524
627,0.40879016121228534,0.6079195141792297,0.013950652442872524
628,0.4167102773984273,0.6079195141792297,0.013950652442872524
629,0.41523392001787823,0.6079195141792297,0.013950652442872524
630,0.4117322663466136,0.5804046988487244,0.013054917566478252
631,0.4103229542573293,0.5804046988487244,0.013054917566478252
632,0.42092660069465637,0.5804046988487244,0.013054917566478252
633,0.41955774029095966,0.5804046988487244,0.013054917566478252
634,0.4116787215073903,0.5804046988487244,0.013054917566478252
635,0.4226717948913574,0.5804046988487244,0.013054917566478252
636,0.418068806330363,0.5804046988487244,0.013054917566478252
637,0.43429450194040936,0.5804046988487244,0.013054917566478252
638,0.4775496820608775,0.5804046988487244,0.013054917566478252
639,0.5037339727083842,0.5804046988487244,0.013054917566478252
640,0.47035373250643414,0.6404111981391907,0.014376829378306866
641,0.47981783747673035,0.6404111981391907,0.014376829378306866
642,0.4830066462357839,0.6404111981391907,0.014376829378306866
643,0.46532432238260907,0.6404111981391907,0.014376829378306866
644,0.45132670799891156,0.6404111981391907,0.014376829378306866
645,0.45983683069547016,0.6404111981391907,0.014376829378306866
646,0.4456055164337158,0.6404111981391907,0.014376829378306866
647,0.4434877236684163,0.6404111981391907,0.014376829378306866
648,0.45399683713912964,0.6404111981391907,0.014376829378306866
649,0.4378645718097687,0.6404111981391907,0.014376829378306866
650,0.45468670129776,0.6740849018096924,0.0155939981341362
651,0.43746815125147503,0.6740849018096924,0.0155939981341362
652,0.44088255365689594,0.6740849018096924,0.0155939981341362
653,0.4406555692354838,0.6740849018096924,0.0155939981341362
654,0.4211528499921163,0.6740849018096924,0.0155939981341362
655,0.4171437422434489,0.6740849018096924,0.0155939981341362
656,0.4195862313111623,0.6740849018096924,0.0155939981341362
657,0.4081161717573802,0.6740849018096924,0.0155939981341362
658,0.41854949792226154,0.6740849018096924,0.0155939981341362
659,0.4064000944296519,0.6740849018096924,0.0155939981341362
660,0.4143557051817576,0.590951681137085,0.013087231665849686
661,0.4104768733183543,0.590951681137085,0.013087231665849686
662,0.4168493648370107,0.590951681137085,0.013087231665849686
663,0.4150684078534444,0.590951681137085,0.013087231665849686
664,0.41525303324063617,0.590951681137085,0.013087231665849686
665,0.4105071226755778,0.590951681137085,0.013087231665849686
666,0.40626006325085956,0.590951681137085,0.013087231665849686
667,0.4257439970970154,0.590951681137085,0.013087231665849686
668,0.4196819265683492,0.590951681137085,0.013087231665849686
669,0.42090723911921185,0.590951681137085,0.013087231665849686
670,0.42492327094078064,0.5400949716567993,0.01183986384421587
671,0.41810429096221924,0.5400949716567993,0.01183986384421587
672,0.432235985994339,0.5400949716567993,0.01183986384421587
673,0.42918939391771954,0.5400949716567993,0.01183986384421587
674,0.4343082904815674,0.5400949716567993,0.01183986384421587
675,0.4309053421020508,0.5400949716567993,0.01183986384421587
676,0.4487203061580658,0.5400949716567993,0.01183986384421587
677,0.425351619720459,0.5400949716567993,0.01183986384421587
678,0.4314560492833455,0.5400949716567993,0.01183986384421587
679,0.47767242789268494,0.5400949716567993,0.01183986384421587
680,0.4414759874343872,0.667836606502533,0.015033597126603127
681,0.4408661425113678,0.667836606502533,0.015033597126603127
682,0.5230457186698914,0.667836606502533,0.015033597126603127
683,0.4533454676469167,0.667836606502533,0.015033597126603127
684,0.46344796816507977,0.667836606502533,0.015033597126603127
685,0.4440183440844218,0.667836606502533,0.015033597126603127
686,0.44663165012995404,0.667836606502533,0.015033597126603127
687,0.45375396807988483,0.667836606502533,0.015033597126603127
688,0.44344013929367065,0.667836606502533,0.015033597126603127
689,0.43531853953997296,0.667836606502533,0.015033597126603127
690,0.43387848138809204,0.6611024737358093,0.015409212559461594
691,0.4141586820284526,0.6611024737358093,0.015409212559461594
692,0.405158132314682,0.6611024737358093,0.015409212559461594
693,0.4067787031332652,0.6611024737358093,0.015409212559461594
694,0.40010712544123334,0.6611024737358093,0.015409212559461594
695,0.3894216517607371,0.6611024737358093,0.015409212559461594
696,0.3900397817293803,0.6611024737358093,0.015409212559461594
697,0.3918266197045644,0.6611024737358093,0.015409212559461594
698,0.3831389049688975,0.6611024737358093,0.015409212559461594
699,0.3881402015686035,0.6611024737358093,0.015409212559461594
700,0.38214896122614544,0.6174113750457764,0.014251972548663616
701,0.3829221824804942,0.6174113750457764,0.014251972548663616
702,0.38691195845603943,0.6174113750457764,0.014251972548663616
703,0.38475703199704486,0.6174113750457764,0.014251972548663616
704,0.38482846816380817,0.6174113750457764,0.014251972548663616
705,0.3811130126317342,0.6174113750457764,0.014251972548663616
706,0.3943157394727071,0.6174113750457764,0.014251972548663616
707,0.3928506374359131,0.6174113750457764,0.014251972548663616
708,0.3839081327120463,0.6174113750457764,0.014251972548663616
709,0.39402273297309875,0.6174113750457764,0.014251972548663616
710,0.38703545928001404,0.6752391457557678,0.016028476879000664
711,0.38847753405570984,0.6752391457557678,0.016028476879000664
712,0.40180184443791706,0.6752391457557678,0.016028476879000664
713,0.39810848236083984,0.6752391457557678,0.016028476879000664
714,0.4145045479138692,0.6752391457557678,0.016028476879000664
715,0.44469905893007916,0.6752391457557678,0.016028476879000664
716,0.4332400361696879,0.6752391457557678,0.016028476879000664
717,0.4298032820224762,0.6752391457557678,0.016028476879000664
718,0.42895960807800293,0.6752391457557678,0.016028476879000664
719,0.4207800130049388,0.6752391457557678,0.016028476879000664
720,0.405446191628774,0.6175379157066345,0.013874291442334652
721,0.39386001229286194,0.6175379157066345,0.013874291442334652
722,0.3909645775953929,0.6175379157066345,0.013874291442334652
723,0.4023052950700124,0.6175379157066345,0.013874291442334652
724,0.39582618077596027,0.6175379157066345,0.013874291442334652
725,0.38852980732917786,0.6175379157066345,0.013874291442334652
726,0.38668347398440045,0.6175379157066345,0.013874291442334652
727,0.39302627245585126,0.6175379157066345,0.013874291442334652
728,0.40194591879844666,0.6175379157066345,0.013874291442334652
729,0.3879966735839844,0.6175379157066345,0.013874291442334652
730,0.38507245977719623,0.5667376518249512,0.012804634869098663
731,0.3803886075814565,0.5667376518249512,0.012804634869098663
732,0.3908437093098958,0.5667376518249512,0.012804634869098663
733,0.3794253468513489,0.5667376518249512,0.012804634869098663
734,0.383552481730779,0.5667376518249512,0.012804634869098663
735,0.3814193507035573,0.5667376518249512,0.012804634869098663
736,0.37718037764231366,0.5667376518249512,0.012804634869098663
737,0.38404157757759094,0.5667376518249512,0.012804634869098663
738,0.37346261739730835,0.5667376518249512,0.012804634869098663
739,0.3759433130423228,0.5667376518249512,0.012804634869098663
740,0.37665417790412903,0.57048499584198,0.0129188047721982
741,0.3795475363731384,0.57048499584198,0.0129188047721982
742,0.38631314039230347,0.57048499584198,0.0129188047721982
743,0.37912049889564514,0.57048499584198,0.0129188047721982
744,0.39361345767974854,0.57048499584198,0.0129188047721982
745,0.3819746176401774,0.57048499584198,0.0129188047721982
746,0.3948497970898946,0.57048499584198,0.0129188047721982
747,0.3847625454266866,0.57048499584198,0.0129188047721982
748,0.3968899150689443,0.57048499584198,0.0129188047721982
749,0.4032290776570638,0.57048499584198,0.0129188047721982
750,0.41486984491348267,0.5791730284690857,0.013181272894144058
751,0.4281478226184845,0.5791730284690857,0.013181272894144058
752,0.4129074513912201,0.5791730284690857,0.013181272894144058
753,0.40341949462890625,0.5791730284690857,0.013181272894144058
754,0.3964592218399048,0.5791730284690857,0.013181272894144058
755,0.38834860920906067,0.5791730284690857,0.013181272894144058
756,0.3879248301188151,0.5791730284690857,0.013181272894144058
757,0.3732888599236806,0.5791730284690857,0.013181272894144058
758,0.376852144797643,0.5791730284690857,0.013181272894144058
759,0.37453001737594604,0.5791730284690857,0.013181272894144058
760,0.37344444791475934,0.6530560851097107,0.01525089330971241
761,0.37334967652956647,0.6530560851097107,0.01525089330971241
762,0.3623048464457194,0.6530560851097107,0.01525089330971241
763,0.3679279585679372,0.6530560851097107,0.01525089330971241
764,0.3698660631974538,0.6530560851097107,0.01525089330971241
765,0.37302432457606,0.6530560851097107,0.01525089330971241
766,0.37702614068984985,0.6530560851097107,0.01525089330971241
767,0.3782786925633748,0.6530560851097107,0.01525089330971241
768,0.3800178865591685,0.6530560851097107,0.01525089330971241
769,0.37592723965644836,0.6530560851097107,0.01525089330971241
770,0.3882131576538086,0.6504623293876648,0.01516436692327261
771,0.3826380670070648,0.6504623293876648,0.01516436692327261
772,0.370226909716924,0.6504623293876648,0.01516436692327261
773,0.37796832124392193,0.6504623293876648,0.01516436692327261
774,0.37644366423288983,0.6504623293876648,0.01516436692327261
775,0.3736919065316518,0.6504623293876648,0.01516436692327261
776,0.3880695402622223,0.6504623293876648,0.01516436692327261
777,0.38510369261105853,0.6504623293876648,0.01516436692327261
778,0.39625583092371625,0.6504623293876648,0.01516436692327261
779,0.4108298122882843,0.6504623293876648,0.01516436692327261
780,0.4102037151654561,0.6726546287536621,0.015684854239225388
781,0.40346826116244,0.6726546287536621,0.015684854239225388
782,0.4516524573167165,0.6726546287536621,0.015684854239225388
783,0.41688717405001324,0.6726546287536621,0.015684854239225388
784,0.4079728623231252,0.6726546287536621,0.015684854239225388
785,0.40688328941663104,0.6726546287536621,0.015684854239225388
786,0.4055350323518117,0.6726546287536621,0.015684854239225388
787,0.39233116308848065,0.6726546287536621,0.015684854239225388
788,0.3866788446903229,0.6726546287536621,0.015684854239225388
789,0.38853110869725543,0.6726546287536621,0.015684854239225388
790,0.37534618377685547,0.6058403849601746,0.013103595934808254
791,0.3798839747905731,0.6058403849601746,0.013103595934808254
792,0.36960742870966595,0.6058403849601746,0.013103595934808254
793,0.3842008411884308,0.6058403849601746,0.013103595934808254
794,0.3716944456100464,0.6058403849601746,0.013103595934808254
795,0.37172092994054157,0.6058403849601746,0.013103595934808254
796,0.3685768147309621,0.6058403849601746,0.013103595934808254
797,0.3728461762269338,0.6058403849601746,0.013103595934808254
798,0.3691349724928538,0.6058403849601746,0.013103595934808254
799,0.37864190340042114,0.6058403849601746,0.013103595934808254
800,0.381227970123291,0.5926573872566223,0.013184324838221073
801,0.39193347096443176,0.5926573872566223,0.013184324838221073
802,0.3922113577524821,0.5926573872566223,0.013184324838221073
803,0.40083618958791095,0.5926573872566223,0.013184324838221073
804,0.40956098834673565,0.5926573872566223,0.013184324838221073
805,0.41773149371147156,0.5926573872566223,0.013184324838221073
806,0.4275099535783132,0.5926573872566223,0.013184324838221073
807,0.42645485202471417,0.5926573872566223,0.013184324838221073
808,0.4389294783274333,0.5926573872566223,0.013184324838221073
809,0.4224874675273895,0.5926573872566223,0.013184324838221073
810,0.4041634798049927,0.5847508311271667,0.01272659283131361
811,0.4260375102361043,0.5847508311271667,0.01272659283131361
812,0.4026693304379781,0.5847508311271667,0.01272659283131361
813,0.42104873061180115,0.5847508311271667,0.01272659283131361
814,0.42089712619781494,0.5847508311271667,0.01272659283131361
815,0.41308008631070453,0.5847508311271667,0.01272659283131361
816,0.41178293029467267,0.5847508311271667,0.01272659283131361
817,0.3827993373076121,0.5847508311271667,0.01272659283131361
818,0.38344721992810565,0.5847508311271667,0.01272659283131361
819,0.37000471353530884,0.5847508311271667,0.01272659283131361
820,0.36813727021217346,0.5748125314712524,0.013072536326944828
821,0.3666944205760956,0.5748125314712524,0.013072536326944828
822,0.36303334434827167,0.5748125314712524,0.013072536326944828
823,0.35651082793871564,0.5748125314712524,0.013072536326944828
824,0.3557060162226359,0.5748125314712524,0.013072536326944828
825,0.35586534937222797,0.5748125314712524,0.013072536326944828
826,0.3586217959721883,0.5748125314712524,0.013072536326944828
827,0.3483077387015025,0.5748125314712524,0.013072536326944828
828,0.35524703065554303,0.5748125314712524,0.013072536326944828
829,0.34891433517138165,0.5748125314712524,0.013072536326944828
830,0.35235632459322613,0.6074762940406799,0.014034382998943329
831,0.3560165564219157,0.6074762940406799,0.014034382998943329
832,0.3508141140143077,0.6074762940406799,0.014034382998943329
833,0.3552726209163666,0.6074762940406799,0.014034382998943329
834,0.34665916363398236,0.6074762940406799,0.014034382998943329
835,0.358775794506073,0.6074762940406799,0.014034382998943329
836,0.3580024540424347,0.6074762940406799,0.014034382998943329
837,0.3542557756106059,0.6074762940406799,0.014034382998943329
838,0.3594525158405304,0.6074762940406799,0.014034382998943329
839,0.3595593372980754,0.6074762940406799,0.014034382998943329
840,0.36418696244557697,0.6443122029304504,0.01536144595593214
841,0.3528101642926534,0.6443122029304504,0.01536144595593214
842,0.36756377418835956,0.6443122029304504,0.01536144595593214
843,0.35744694868723553,0.6443122029304504,0.01536144595593214
844,0.37174202005068463,0.6443122029304504,0.01536144595593214
845,0.41012057662010193,0.6443122029304504,0.01536144595593214
846,0.3846326470375061,0.6443122029304504,0.01536144595593214
847,0.39732037981351215,0.6443122029304504,0.01536144595593214
848,0.41367969910303753,0.6443122029304504,0.01536144595593214
849,0.40052640438079834,0.6443122029304504,0.01536144595593214
850,0.3910771310329437,0.558911919593811,0.012988067232072353
851,0.4141226013501485,0.558911919593811,0.012988067232072353
852,0.396345059076945,0.558911919593811,0.012988067232072353
853,0.3839810788631439,0.558911919593811,0.012988067232072353
854,0.3915305932362874,0.558911919593811,0.012988067232072353
855,0.38549936811129254,0.558911919593811,0.012988067232072353
856,0.3917030990123749,0.558911919593811,0.012988067232072353
857,0.3870187799135844,0.558911919593811,0.012988067232072353
858,0.377023180325826,0.558911919593811,0.012988067232072353
859,0.38758357365926105,0.558911919593811,0.012988067232072353
860,0.3937120934327443,0.5873737335205078,0.012366249226033688
861,0.3992401361465454,0.5873737335205078,0.012366249226033688
862,0.375418742497762,0.5873737335205078,0.012366249226033688
863,0.38315791885058087,0.5873737335205078,0.012366249226033688
864,0.39224966367085773,0.5873737335205078,0.012366249226033688
865,0.38400402665138245,0.5873737335205078,0.012366249226033688
866,0.4112622340520223,0.5873737335205078,0.012366249226033688
867,0.39077723026275635,0.5873737335205078,0.012366249226033688
868,0.3998019794623057,0.5873737335205078,0.012366249226033688
869,0.4128362039724986,0.5873737335205078,0.012366249226033688
870,0.39536242683728534,0.5986112356185913,0.013239230960607529
871,0.4125607411066691,0.5986112356185913,0.013239230960607529
872,0.40002066890398663,0.5986112356185913,0.013239230960607529
873,0.3935871521631877,0.5986112356185913,0.013239230960607529
874,0.3809693157672882,0.5986112356185913,0.013239230960607529
875,0.3933790425459544,0.5986112356185913,0.013239230960607529
876,0.38650332887967426,0.5986112356185913,0.013239230960607529
877,0.3942044874032338,0.5986112356185913,0.013239230960607529
878,0.3980543911457062,0.5986112356185913,0.013239230960607529
879,0.3765255610148112,0.5986112356185913,0.013239230960607529
880,0.38293694456418353,0.6207752227783203,0.014259641058743
881,0.3718780477841695,0.6207752227783203,0.014259641058743
882,0.3607778747876485,0.6207752227783203,0.014259641058743
883,0.3779028256734212,0.6207752227783203,0.014259641058743
884,0.381972332795461,0.6207752227783203,0.014259641058743
885,0.37748979528745014,0.6207752227783203,0.014259641058743
886,0.37708061933517456,0.6207752227783203,0.014259641058743
887,0.3696695963541667,0.6207752227783203,0.014259641058743
888,0.36135446031888324,0.6207752227783203,0.014259641058743
889,0.36243056257565814,0.6207752227783203,0.014259641058743
890,0.36049999793370563,0.5629745125770569,0.012924280017614365
891,0.35093628366788227,0.5629745125770569,0.012924280017614365
892,0.35593026876449585,0.5629745125770569,0.012924280017614365
893,0.3594079812367757,0.5629745125770569,0.012924280017614365
894,0.3552376429239909,0.5629745125770569,0.012924280017614365
895,0.35767890016237897,0.5629745125770569,0.012924280017614365
896,0.355665663878123,0.5629745125770569,0.012924280017614365
897,0.35302377740542096,0.5629745125770569,0.012924280017614365
898,0.3598414361476898,0.5629745125770569,0.012924280017614365
899,0.3637285530567169,0.5629745125770569,0.012924280017614365
900,0.35577868421872455,0.6180661916732788,0.01397384237498045
901,0.3634539345900218,0.6180661916732788,0.01397384237498045
902,0.3602598011493683,0.6180661916732788,0.01397384237498045
903,0.35528158644835156,0.6180661916732788,0.01397384237498045
904,0.3607509732246399,0.6180661916732788,0.01397384237498045
905,0.356009840965271,0.6180661916732788,0.01397384237498045
906,0.3502043088277181,0.6180661916732788,0.01397384237498045
907,0.35198187828063965,0.6180661916732788,0.01397384237498045
908,0.35985971490542096,0.6180661916732788,0.01397384237498045
909,0.3712640901406606,0.6180661916732788,0.01397384237498045
910,0.36858291427294415,0.5872695446014404,0.013603352941572666
911,0.37406812111536664,0.5872695446014404,0.013603352941572666
912,0.36222530404726666,0.5872695446014404,0.013603352941572666
913,0.370432049036026,0.5872695446014404,0.013603352941572666
914,0.36760419607162476,0.5872695446014404,0.013603352941572666
915,0.35575998822848004,0.5872695446014404,0.013603352941572666
916,0.3584958215554555,0.5872695446014404,0.013603352941572666
917,0.3619372546672821,0.5872695446014404,0.013603352941572666
918,0.35161474347114563,0.5872695446014404,0.013603352941572666
919,0.35301313797632855,0.5872695446014404,0.013603352941572666
920,0.34717164436976117,0.5727057456970215,0.01323709450662136
921,0.3446110685666402,0.5727057456970215,0.01323709450662136
922,0.34761764605840045,0.5727057456970215,0.01323709450662136
923,0.3435471256573995,0.5727057456970215,0.01323709450662136
924,0.34633849064509076,0.5727057456970215,0.01323709450662136
925,0.3484632968902588,0.5727057456970215,0.01323709450662136
926,0.3523772060871124,0.5727057456970215,0.01323709450662136
927,0.347621887922287,0.5727057456970215,0.01323709450662136
928,0.34711355964342755,0.5727057456970215,0.01323709450662136
929,0.3427080611387889,0.5727057456970215,0.01323709450662136
930,0.3476865887641907,0.6202489733695984,0.014083072543144226
931,0.3486135005950928,0.6202489733695984,0.014083072543144226
932,0.34548841913541156,0.6202489733695984,0.014083072543144226
933,0.35747461517651874,0.6202489733695984,0.014083072543144226
934,0.3595053354899089,0.6202489733695984,0.014083072543144226
935,0.34386786818504333,0.6202489733695984,0.014083072543144226
936,0.34940071900685626,0.6202489733695984,0.014083072543144226
937,0.3432786564032237,0.6202489733695984,0.014083072543144226
938,0.34063640236854553,0.6202489733695984,0.014083072543144226
939,0.34044720729192096,0.6202489733695984,0.014083072543144226
940,0.33636710047721863,0.6130419373512268,0.014015565626323223
941,0.336894154548645,0.6130419373512268,0.014015565626323223
942,0.3358479489882787,0.6130419373512268,0.014015565626323223
943,0.3375551501909892,0.6130419373512268,0.014015565626323223
944,0.33536452054977417,0.6130419373512268,0.014015565626323223
945,0.33108726640542346,0.6130419373512268,0.014015565626323223
946,0.33669786155223846,0.6130419373512268,0.014015565626323223
947,0.3344280819098155,0.6130419373512268,0.014015565626323223
948,0.33777449528376263,0.6130419373512268,0.014015565626323223
949,0.34100790818532306,0.6130419373512268,0.014015565626323223
950,0.3454243838787079,0.6415771842002869,0.015042834915220737
951,0.33643849690755206,0.6415771842002869,0.015042834915220737
952,0.33916717271010083,0.6415771842002869,0.015042834915220737
953,0.3417727053165436,0.6415771842002869,0.015042834915220737
954,0.34382402896881104,0.6415771842002869,0.015042834915220737
955,0.3355639378229777,0.6415771842002869,0.015042834915220737
956,0.34579019745190936,0.6415771842002869,0.015042834915220737
957,0.3391175866127014,0.6415771842002869,0.015042834915220737
958,0.3443574458360672,0.6415771842002869,0.015042834915220737
959,0.3546655426422755,0.6415771842002869,0.015042834915220737
960,0.35981080929438275,0.686664879322052,0.016389254480600357
961,0.3498959243297577,0.686664879322052,0.016389254480600357
962,0.35552764932314557,0.686664879322052,0.016389254480600357
963,0.340425839026769,0.686664879322052,0.016389254480600357
964,0.34180763363838196,0.686664879322052,0.016389254480600357
965,0.3371429145336151,0.686664879322052,0.016389254480600357
966,0.34149693449338275,0.686664879322052,0.016389254480600357
967,0.347562978665034,0.686664879322052,0.016389254480600357
968,0.33933872481187183,0.686664879322052,0.016389254480600357
969,0.3427581787109375,0.686664879322052,0.016389254480600357
970,0.33638428648312885,0.6348494291305542,0.014961431734263897
971,0.3387815405925115,0.6348494291305542,0.014961431734263897
972,0.3510552744070689,0.6348494291305542,0.014961431734263897
973,0.35656653841336566,0.6348494291305542,0.014961431734263897
974,0.35519436995188397,0.6348494291305542,0.014961431734263897
975,0.3873092333475749,0.6348494291305542,0.014961431734263897
976,0.3805368145306905,0.6348494291305542,0.014961431734263897
977,0.375826895236969,0.6348494291305542,0.014961431734263897
978,0.38109903534253436,0.6348494291305542,0.014961431734263897
979,0.3754960050185521,0.6348494291305542,0.014961431734263897
980,0.37389970819155377,0.5859929323196411,0.013852844014763832
981,0.37908272941907245,0.5859929323196411,0.013852844014763832
982,0.37027527888615924,0.5859929323196411,0.013852844014763832
983,0.35405828555425006,0.5859929323196411,0.013852844014763832
984,0.3477599620819092,0.5859929323196411,0.013852844014763832
985,0.3561562995115916,0.5859929323196411,0.013852844014763832
986,0.34134263793627423,0.5859929323196411,0.013852844014763832
987,0.35052943229675293,0.5859929323196411,0.013852844014763832
988,0.3388679325580597,0.5859929323196411,0.013852844014763832
989,0.34273938834667206,0.5859929323196411,0.013852844014763832
990,0.3349384069442749,0.6076257228851318,0.013961151242256165
991,0.32831596334775287,0.6076257228851318,0.013961151242256165
992,0.3292504847049713,0.6076257228851318,0.013961151242256165
993,0.3259829084078471,0.6076257228851318,0.013961151242256165
994,0.32510500649611157,0.6076257228851318,0.013961151242256165
995,0.32942408323287964,0.6076257228851318,0.013961151242256165
996,0.3391365607579549,0.6076257228851318,0.013961151242256165
997,0.33341402808825177,0.6076257228851318,0.013961151242256165
998,0.3422653277715047,0.6076257228851318,0.013961151242256165
999,0.3385237803061803,0.6076257228851318,0.013961151242256165
1000,0.33889587720235187,0.5997653007507324,0.013657772913575172
1001,0.348856657743454,0.5997653007507324,0.013657772913575172
1002,0.34857048590977985,0.5997653007507324,0.013657772913575172
1003,0.36070890227953595,0.5997653007507324,0.013657772913575172
1004,0.35589489340782166,0.5997653007507324,0.013657772913575172
1005,0.36603615681330365,0.5997653007507324,0.013657772913575172
1006,0.3494016428788503,0.5997653007507324,0.013657772913575172
1007,0.34587234258651733,0.5997653007507324,0.013657772913575172
1008,0.33673396706581116,0.5997653007507324,0.013657772913575172
1009,0.3359997471173604,0.5997653007507324,0.013657772913575172
1010,0.3331041832764943,0.5774438381195068,0.012758159078657627
1011,0.3438502947489421,0.5774438381195068,0.012758159078657627
1012,0.3457493185997009,0.5774438381195068,0.012758159078657627
1013,0.34467360377311707,0.5774438381195068,0.012758159078657627
1014,0.34644778569539386,0.5774438381195068,0.012758159078657627
1015,0.33535857995351154,0.5774438381195068,0.012758159078657627
1016,0.3333592116832733,0.5774438381195068,0.012758159078657627
1017,0.32850996653238934,0.5774438381195068,0.012758159078657627
1018,0.3245108922322591,0.5774438381195068,0.012758159078657627
1019,0.324484388033549,0.5774438381195068,0.012758159078657627
1020,0.3253832906484604,0.5427675247192383,0.012449676170945168
1021,0.3286350568135579,0.5427675247192383,0.012449676170945168
1022,0.32495137055714923,0.5427675247192383,0.012449676170945168
1023,0.33056538303693134,0.5427675247192383,0.012449676170945168
1024,0.3220739910999934,0.5427675247192383,0.012449676170945168
1025,0.32311664521694183,0.5427675247192383,0.012449676170945168
1026,0.3263595898946126,0.5427675247192383,0.012449676170945168
1027,0.3294614205757777,0.5427675247192383,0.012449676170945168
1028,0.3332857737938563,0.5427675247192383,0.012449676170945168
1029,0.3313839336236318,0.5427675247192383,0.012449676170945168
1030,0.3406978249549866,0.5705532431602478,0.01291259191930294
1031,0.3416275382041931,0.5705532431602478,0.01291259191930294
1032,0.3407572607199351,0.5705532431602478,0.01291259191930294
1033,0.35078756014506024,0.5705532431602478,0.01291259191930294
1034,0.350514680147171,0.5705532431602478,0.01291259191930294
1035,0.36065902312596637,0.5705532431602478,0.01291259191930294
1036,0.36447687943776447,0.5705532431602478,0.01291259191930294
1037,0.38976404070854187,0.5705532431602478,0.01291259191930294
1038,0.3616143763065338,0.5705532431602478,0.01291259191930294
1039,0.35763124624888104,0.5705532431602478,0.01291259191930294
1040,0.36384037137031555,0.5719267725944519,0.012504707090556622
1041,0.35158824920654297,0.5719267725944519,0.012504707090556622
1042,0.36144399642944336,0.5719267725944519,0.012504707090556622
1043,0.38790743549664813,0.5719267725944519,0.012504707090556622
1044,0.35295509298642475,0.5719267725944519,0.012504707090556622
1045,0.34629817803700763,0.5719267725944519,0.012504707090556622
1046,0.3352826436360677,0.5719267725944519,0.012504707090556622
1047,0.333974152803421,0.5719267725944519,0.012504707090556622
1048,0.3330385784308116,0.5719267725944519,0.012504707090556622
1049,0.3315165340900421,0.5719267725944519,0.012504707090556622
1050,0.3275507539510727,0.632782518863678,0.014472795650362968
1051,0.3304663648207982,0.632782518863678,0.014472795650362968
1052,0.33237190047899884,0.632782518863678,0.014472795650362968
1053,0.3345042367776235,0.632782518863678,0.014472795650362968
1054,0.33183540403842926,0.632782518863678,0.014472795650362968
1055,0.3267045815785726,0.632782518863678,0.014472795650362968
1056,0.3303712358077367,0.632782518863678,0.014472795650362968
1057,0.3281814157962799,0.632782518863678,0.014472795650362968
1058,0.3326087047656377,0.632782518863678,0.014472795650362968
1059,0.3422002047300339,0.632782518863678,0.014472795650362968
1060,0.35116373499234516,0.6214125752449036,0.014545300044119358
1061,0.3368254949649175,0.6214125752449036,0.014545300044119358
1062,0.3373098721106847,0.6214125752449036,0.014545300044119358
1063,0.32783543566862744,0.6214125752449036,0.014545300044119358
1064,0.33194414774576825,0.6214125752449036,0.014545300044119358
1065,0.3198493669430415,0.6214125752449036,0.014545300044119358
1066,0.3216565400362015,0.6214125752449036,0.014545300044119358
1067,0.31795452535152435,0.6214125752449036,0.014545300044119358
1068,0.3176807115475337,0.6214125752449036,0.014545300044119358
1069,0.3186982423067093,0.6214125752449036,0.014545300044119358
1070,0.3139559080203374,0.6229361891746521,0.0146853132173419
1071,0.31759171684583026,0.6229361891746521,0.0146853132173419
1072,0.3121442645788193,0.6229361891746521,0.0146853132173419
1073,0.3174219677845637,0.6229361891746521,0.0146853132173419
1074,0.31392889221509296,0.6229361891746521,0.0146853132173419
1075,0.31120407581329346,0.6229361891746521,0.0146853132173419
1076,0.3207366665204366,0.6229361891746521,0.0146853132173419
1077,0.31218254566192627,0.6229361891746521,0.0146853132173419
1078,0.3187546680370967,0.6229361891746521,0.0146853132173419
1079,0.32186608016490936,0.6229361891746521,0.0146853132173419
1080,0.32250378529230755,0.6515958309173584,0.015404470264911652
1081,0.3352329432964325,0.6515958309173584,0.015404470264911652
1082,0.326154629389445,0.6515958309173584,0.015404470264911652
1083,0.3383274972438812,0.6515958309173584,0.015404470264911652
1084,0.3340044617652893,0.6515958309173584,0.015404470264911652
1085,0.3329645146926244,0.6515958309173584,0.015404470264911652
1086,0.34488194187482196,0.6515958309173584,0.015404470264911652
1087,0.33447265625,0.6515958309173584,0.015404470264911652
1088,0.32685452699661255,0.6515958309173584,0.015404470264911652
1089,0.32709867755572003,0.6515958309173584,0.015404470264911652
1090,0.32101793090502423,0.5908290147781372,0.013696186244487762
1091,0.33068542182445526,0.5908290147781372,0.013696186244487762
1092,0.33255889018376666,0.5908290147781372,0.013696186244487762
1093,0.34248197078704834,0.5908290147781372,0.013696186244487762
1094,0.3446954886118571,0.5908290147781372,0.013696186244487762
1095,0.3525962730248769,0.5908290147781372,0.013696186244487762
1096,0.3412437438964844,0.5908290147781372,0.013696186244487762
1097,0.34457621971766156,0.5908290147781372,0.013696186244487762
1098,0.33482080698013306,0.5908290147781372,0.013696186244487762
1099,0.328138142824173,0.5908290147781372,0.013696186244487762
1100,0.3308379451433818,0.5838661789894104,0.013738955371081829
1101,0.3231296141942342,0.5838661789894104,0.013738955371081829
1102,0.3221888889869054,0.5838661789894104,0.013738955371081829
1103,0.3185232977072398,0.5838661789894104,0.013738955371081829
1104,0.3228166202704112,0.5838661789894104,0.013738955371081829
1105,0.3224371025959651,0.5838661789894104,0.013738955371081829
1106,0.3175228039423625,0.5838661789894104,0.013738955371081829
1107,0.3190733442703883,0.5838661789894104,0.013738955371081829
1108,0.3374166935682297,0.5838661789894104,0.013738955371081829
1109,0.32784923414389294,0.5838661789894104,0.013738955371081829
1110,0.321405162413915,0.5646191239356995,0.013042112812399864
1111,0.3271798888842265,0.5646191239356995,0.013042112812399864
1112,0.3240355501572291,0.5646191239356995,0.013042112812399864
1113,0.3274587591489156,0.5646191239356995,0.013042112812399864
1114,0.33099299172560376,0.5646191239356995,0.013042112812399864
1115,0.33846600850423175,0.5646191239356995,0.013042112812399864
1116,0.3396693716446559,0.5646191239356995,0.013042112812399864
1117,0.3424772173166275,0.5646191239356995,0.013042112812399864
1118,0.3433258980512619,0.5646191239356995,0.013042112812399864
1119,0.3270232081413269,0.5646191239356995,0.013042112812399864
1120,0.3149858812491099,0.5615686178207397,0.013049566186964512
1121,0.31475625932216644,0.5615686178207397,0.013049566186964512
1122,0.3085216134786606,0.5615686178207397,0.013049566186964512
1123,0.30650809903939563,0.5615686178207397,0.013049566186964512
1124,0.315122311313947,0.5615686178207397,0.013049566186964512
1125,0.31940512359142303,0.5615686178207397,0.013049566186964512
1126,0.31358152627944946,0.5615686178207397,0.013049566186964512
1127,0.3096499741077423,0.5615686178207397,0.013049566186964512
1128,0.3157882938782374,0.5615686178207397,0.013049566186964512
1129,0.31246770918369293,0.5615686178207397,0.013049566186964512
1130,0.3118716776371002,0.5272073745727539,0.012246867641806602
1131,0.3195088754097621,0.5272073745727539,0.012246867641806602
1132,0.31890447437763214,0.5272073745727539,0.012246867641806602
1133,0.33018238345781964,0.5272073745727539,0.012246867641806602
1134,0.3470724771420161,0.5272073745727539,0.012246867641806602
1135,0.3723746786514918,0.5272073745727539,0.012246867641806602
1136,0.35814396540323895,0.5272073745727539,0.012246867641806602
1137,0.3676532010237376,0.5272073745727539,0.012246867641806602
1138,0.3527800937493642,0.5272073745727539,0.012246867641806602
1139,0.35110771656036377,0.5272073745727539,0.012246867641806602
1140,0.3380440374215444,0.5535467267036438,0.011946499347686768
1141,0.33574022849400836,0.5535467267036438,0.011946499347686768
1142,0.32843283812205,0.5535467267036438,0.011946499347686768
1143,0.3232626219590505,0.5535467267036438,0.011946499347686768
1144,0.32396073639392853,0.5535467267036438,0.011946499347686768
1145,0.31850186983744305,0.5535467267036438,0.011946499347686768
1146,0.32510873675346375,0.5535467267036438,0.011946499347686768
1147,0.3266669809818268,0.5535467267036438,0.011946499347686768
1148,0.338005930185318,0.5535467267036438,0.011946499347686768
1149,0.34559329350789386,0.5535467267036438,0.011946499347686768
1150,0.39075028896331787,0.6559429168701172,0.015451767481863499
1151,0.3466152747472127,0.6559429168701172,0.015451767481863499
1152,0.3418717284997304,0.6559429168701172,0.015451767481863499
1153,0.3298702637354533,0.6559429168701172,0.015451767481863499
1154,0.33832531174023944,0.6559429168701172,0.015451767481863499
1155,0.3308320840199788,0.6559429168701172,0.015451767481863499
1156,0.33059640725453693,0.6559429168701172,0.015451767481863499
1157,0.3236796359221141,0.6559429168701172,0.015451767481863499
1158,0.31891252597173053,0.6559429168701172,0.015451767481863499
1159,0.3235018302996953,0.6559429168701172,0.015451767481863499
1160,0.31942403813203174,0.5841541290283203,0.013630268163979053
1161,0.31241506338119507,0.5841541290283203,0.013630268163979053
1162,0.30650381247202557,0.5841541290283203,0.013630268163979053
1163,0.3037116924921672,0.5841541290283203,0.013630268163979053
1164,0.304297536611557,0.5841541290283203,0.013630268163979053
1165,0.31039770940939587,0.5841541290283203,0.013630268163979053
1166,0.3051775246858597,0.5841541290283203,0.013630268163979053
1167,0.3158084750175476,0.5841541290283203,0.013630268163979053
1168,0.3222316751877467,0.5841541290283203,0.013630268163979053
1169,0.3254506289958954,0.5841541290283203,0.013630268163979053
1170,0.3228823592265447,0.5963485240936279,0.01411908958107233
1171,0.3167043626308441,0.5963485240936279,0.01411908958107233
1172,0.3235863447189331,0.5963485240936279,0.01411908958107233
1173,0.3286679486433665,0.5963485240936279,0.01411908958107233
1174,0.33413298428058624,0.5963485240936279,0.01411908958107233
1175,0.33681126435597736,0.5963485240936279,0.01411908958107233
1176,0.3471027414004008,0.5963485240936279,0.01411908958107233
1177,0.3276951809724172,0.5963485240936279,0.01411908958107233
1178,0.32237104574839276,0.5963485240936279,0.01411908958107233
1179,0.31963757673899335,0.5963485240936279,0.01411908958107233
1180,0.3242170711358388,0.5429250597953796,0.01263275183737278
1181,0.32175804177920025,0.5429250597953796,0.01263275183737278
1182,0.32183050612608594,0.5429250597953796,0.01263275183737278
1183,0.32299645741780597,0.5429250597953796,0.01263275183737278
1184,0.3209652503331502,0.5429250597953796,0.01263275183737278
1185,0.32394370436668396,0.5429250597953796,0.01263275183737278
1186,0.31517083446184796,0.5429250597953796,0.01263275183737278
1187,0.3140123635530472,0.5429250597953796,0.01263275183737278
1188,0.3158138195673625,0.5429250597953796,0.01263275183737278
1189,0.3231094479560852,0.5429250597953796,0.01263275183737278
1190,0.31392275790373486,0.5515393018722534,0.01250456739217043
1191,0.30934444566567737,0.5515393018722534,0.01250456739217043
1192,0.31477917234102887,0.5515393018722534,0.01250456739217043
1193,0.31717995305856067,0.5515393018722534,0.01250456739217043
1194,0.3100346028804779,0.5515393018722534,0.01250456739217043
1195,0.3193204452594121,0.5515393018722534,0.01250456739217043
1196,0.3170107702414195,0.5515393018722534,0.01250456739217043
1197,0.3123629093170166,0.5515393018722534,0.01250456739217043
1198,0.32325545946757,0.5515393018722534,0.01250456739217043
1199,0.3243529995282491,0.5515393018722534,0.01250456739217043
1200,0.3140811373790105,0.5813047885894775,0.013216517865657806
1201,0.3293993224700292,0.5813047885894775,0.013216517865657806
1202,0.32365576922893524,0.5813047885894775,0.013216517865657806
1203,0.31849146882692975,0.5813047885894775,0.013216517865657806
1204,0.3301687141259511,0.5813047885894775,0.013216517865657806
1205,0.316510538260142,0.5813047885894775,0.013216517865657806
1206,0.3245168477296829,0.5813047885894775,0.013216517865657806
1207,0.3338335106770198,0.5813047885894775,0.013216517865657806
1208,0.3290512015422185,0.5813047885894775,0.013216517865657806
1209,0.32800619304180145,0.5813047885894775,0.013216517865657806
1210,0.31077539424101513,0.5488163232803345,0.012671776115894318
1211,0.31358375151952106,0.5488163232803345,0.012671776115894318
1212,0.30940641462802887,0.5488163232803345,0.012671776115894318
1213,0.31340759495894116,0.5488163232803345,0.012671776115894318
1214,0.3145412007967631,0.5488163232803345,0.012671776115894318
1215,0.30775972704092663,0.5488163232803345,0.012671776115894318
1216,0.30965087314446765,0.5488163232803345,0.012671776115894318
1217,0.3122936983903249,0.5488163232803345,0.012671776115894318
1218,0.3063911149899165,0.5488163232803345,0.012671776115894318
1219,0.3145509908596675,0.5488163232803345,0.012671776115894318
1220,0.31057585775852203,0.5634319186210632,0.012916420586407185
1221,0.30671940247217816,0.5634319186210632,0.012916420586407185
1222,0.3029664605855942,0.5634319186210632,0.012916420586407185
1223,0.3044724613428116,0.5634319186210632,0.012916420586407185
1224,0.3249097416798274,0.5634319186210632,0.012916420586407185
1225,0.3158910622199376,0.5634319186210632,0.012916420586407185
1226,0.31331127385298413,0.5634319186210632,0.012916420586407185
1227,0.3245114932457606,0.5634319186210632,0.012916420586407185
1228,0.3154507329066594,0.5634319186210632,0.012916420586407185
1229,0.32750460008780163,0.5634319186210632,0.012916420586407185
1230,0.3395928541819255,0.5650293827056885,0.012533139437437057
1231,0.35044439633687335,0.5650293827056885,0.012533139437437057
1232,0.3415621370077133,0.5650293827056885,0.012533139437437057
1233,0.37126020590464276,0.5650293827056885,0.012533139437437057
1234,0.35166144371032715,0.5650293827056885,0.012533139437437057
1235,0.3630484143892924,0.5650293827056885,0.012533139437437057
1236,0.3426128874222438,0.5650293827056885,0.012533139437437057
1237,0.36285178860028583,0.5650293827056885,0.012533139437437057
1238,0.35534189144770306,0.5650293827056885,0.012533139437437057
1239,0.3698745270570119,0.5650293827056885,0.012533139437437057
1240,0.34102322657903034,0.548202395439148,0.012386159040033817
1241,0.3379680762688319,0.548202395439148,0.012386159040033817
1242,0.32174962759017944,0.548202395439148,0.012386159040033817
1243,0.3140901525815328,0.548202395439148,0.012386159040033817
1244,0.3094228555758794,0.548202395439148,0.012386159040033817
1245,0.3005722910165787,0.548202395439148,0.012386159040033817
1246,0.30082328617572784,0.548202395439148,0.012386159040033817
1247,0.2965131501356761,0.548202395439148,0.012386159040033817
1248,0.3046031991640727,0.548202395439148,0.012386159040033817
1249,0.30000482002894086,0.548202395439148,0.012386159040033817
1250,0.30675581594308216,0.5839751958847046,0.013782373629510403
1251,0.3029912859201431,0.5839751958847046,0.013782373629510403
1252,0.3044981012741725,0.5839751958847046,0.013782373629510403
1253,0.3000530848900477,0.5839751958847046,0.013782373629510403
1254,0.30023107926050824,0.5839751958847046,0.013782373629510403
1255,0.30555790662765503,0.5839751958847046,0.013782373629510403
1256,0.29854145149389905,0.5839751958847046,0.013782373629510403
1257,0.30992332597573596,0.5839751958847046,0.013782373629510403
1258,0.31216206153233844,0.5839751958847046,0.013782373629510403
1259,0.3096577723821004,0.5839751958847046,0.013782373629510403
1260,0.3109185993671417,0.5875588059425354,0.01383133977651596
1261,0.30743149916330975,0.5875588059425354,0.01383133977651596
1262,0.31755586465199787,0.5875588059425354,0.01383133977651596
1263,0.3164806067943573,0.5875588059425354,0.01383133977651596
1264,0.30951613187789917,0.5875588059425354,0.01383133977651596
1265,0.3113776246706645,0.5875588059425354,0.01383133977651596
1266,0.30811718106269836,0.5875588059425354,0.01383133977651596
1267,0.31266072889169055,0.5875588059425354,0.01383133977651596
1268,0.31878941754500073,0.5875588059425354,0.01383133977651596
1269,0.3074127833048503,0.5875588059425354,0.01383133977651596
1270,0.30626343687375385,0.5501397252082825,0.012783423997461796
1271,0.3105811228354772,0.5501397252082825,0.012783423997461796
1272,0.31668271124362946,0.5501397252082825,0.012783423997461796
1273,0.31677718460559845,0.5501397252082825,0.012783423997461796
1274,0.3243228495121002,0.5501397252082825,0.012783423997461796
1275,0.3111223677794139,0.5501397252082825,0.012783423997461796
1276,0.3114563276370366,0.5501397252082825,0.012783423997461796
1277,0.31717342138290405,0.5501397252082825,0.012783423997461796
1278,0.31104160845279694,0.5501397252082825,0.012783423997461796
1279,0.3082742343346278,0.5501397252082825,0.012783423997461796
1280,0.30210959414641064,0.5491608381271362,0.012784695252776146
1281,0.303351749976476,0.5491608381271362,0.012784695252776146
1282,0.30329544842243195,0.5491608381271362,0.012784695252776146
1283,0.3079897165298462,0.5491608381271362,0.012784695252776146
1284,0.30605607728163403,0.5491608381271362,0.012784695252776146
1285,0.3031487961610158,0.5491608381271362,0.012784695252776146
1286,0.30506254235903424,0.5491608381271362,0.012784695252776146
1287,0.31625229120254517,0.5491608381271362,0.012784695252776146
1288,0.3124644954999288,0.5491608381271362,0.012784695252776146
1289,0.3252631723880768,0.5491608381271362,0.012784695252776146
1290,0.3560802141825358,0.5598769187927246,0.012632554396986961
1291,0.34648169080416363,0.5598769187927246,0.012632554396986961
1292,0.3523397445678711,0.5598769187927246,0.012632554396986961
1293,0.4280884265899658,0.5598769187927246,0.012632554396986961
1294,0.4088657796382904,0.5598769187927246,0.012632554396986961
1295,0.4219224452972412,0.5598769187927246,0.012632554396986961
1296,0.4091140230496724,0.5598769187927246,0.012632554396986961
1297,0.4898965656757355,0.5598769187927246,0.012632554396986961
1298,0.42098405957221985,0.5598769187927246,0.012632554396986961
1299,0.3810361822446187,0.5598769187927246,0.012632554396986961
1300,0.3602675795555115,0.5786122679710388,0.013311203569173813
1301,0.36263617873191833,0.5786122679710388,0.013311203569173813
1302,0.3619396487871806,0.5786122679710388,0.013311203569173813
1303,0.3505346377690633,0.5786122679710388,0.013311203569173813
1304,0.32382579644521076,0.5786122679710388,0.013311203569173813
1305,0.3392636676629384,0.5786122679710388,0.013311203569173813
1306,0.32700761159261066,0.5786122679710388,0.013311203569173813
1307,0.33741336067517597,0.5786122679710388,0.013311203569173813
1308,0.32718198001384735,0.5786122679710388,0.013311203569173813
1309,0.3133962055047353,0.5786122679710388,0.013311203569173813
1310,0.3309668302536011,0.5441450476646423,0.012401382438838482
1311,0.3193054646253586,0.5441450476646423,0.012401382438838482
1312,0.35205648342768353,0.5441450476646423,0.012401382438838482
1313,0.3351687838633855,0.5441450476646423,0.012401382438838482
1314,0.35929564634958905,0.5441450476646423,0.012401382438838482
1315,0.332184096177419,0.5441450476646423,0.012401382438838482
1316,0.3396029422680537,0.5441450476646423,0.012401382438838482
1317,0.3351250986258189,0.5441450476646423,0.012401382438838482
1318,0.3256432116031647,0.5441450476646423,0.012401382438838482
1319,0.34071962038675946,0.5441450476646423,0.012401382438838482
1320,0.32445474962393445,0.5805832147598267,0.01344436313956976
1321,0.3394358555475871,0.5805832147598267,0.01344436313956976
1322,0.33614126841227215,0.5805832147598267,0.01344436313956976
1323,0.3193811774253845,0.5805832147598267,0.01344436313956976
1324,0.33465078473091125,0.5805832147598267,0.01344436313956976
1325,0.3149060259262721,0.5805832147598267,0.01344436313956976
1326,0.33154502511024475,0.5805832147598267,0.01344436313956976
1327,0.32587795456250507,0.5805832147598267,0.01344436313956976
1328,0.3285705844561259,0.5805832147598267,0.01344436313956976
1329,0.33175885677337646,0.5805832147598267,0.01344436313956976
1330,0.31278130412101746,0.5842965841293335,0.013567719608545303
1331,0.32854723433653515,0.5842965841293335,0.013567719608545303
1332,0.3081962416569392,0.5842965841293335,0.013567719608545303
1333,0.32356151441733044,0.5842965841293335,0.013567719608545303
1334,0.3155503173669179,0.5842965841293335,0.013567719608545303
1335,0.322417472799619,0.5842965841293335,0.013567719608545303
1336,0.3297366698582967,0.5842965841293335,0.013567719608545303
1337,0.31251771251360577,0.5842965841293335,0.013567719608545303
1338,0.3343758036692937,0.5842965841293335,0.013567719608545303
1339,0.31838905811309814,0.5842965841293335,0.013567719608545303
1340,0.3316073815027873,0.6209321618080139,0.014366294257342815
1341,0.3296123842398326,0.6209321618080139,0.014366294257342815
1342,0.32796383400758106,0.6209321618080139,0.014366294257342815
1343,0.34211665391921997,0.6209321618080139,0.014366294257342815
1344,0.3197622100512187,0.6209321618080139,0.014366294257342815
1345,0.31971490383148193,0.6209321618080139,0.014366294257342815
1346,0.3103237847487132,0.6209321618080139,0.014366294257342815
1347,0.3023074269294739,0.6209321618080139,0.014366294257342815
1348,0.3039286285638809,0.6209321618080139,0.014366294257342815
1349,0.2953295310338338,0.6209321618080139,0.014366294257342815
1350,0.30131862064202625,0.572894275188446,0.01345205120742321
1351,0.2907552222410838,0.572894275188446,0.01345205120742321
1352,0.30054940780003864,0.572894275188446,0.01345205120742321
1353,0.2925820251305898,0.572894275188446,0.01345205120742321
1354,0.30279072125752765,0.572894275188446,0.01345205120742321
1355,0.2932502329349518,0.572894275188446,0.01345205120742321
1356,0.303552841146787,0.572894275188446,0.01345205120742321
1357,0.2997678369283676,0.572894275188446,0.01345205120742321
1358,0.31490922967592877,0.572894275188446,0.01345205120742321
1359,0.30901651084423065,0.572894275188446,0.01345205120742321
